[{"model": "services.professional", "pk": 1, "fields": {"name": "Vanessa \"Vansophie\"", "bio": "Fundadora", "photo": "/images/vansophie.jpg"}}, {"model": "services.service", "pk": 1, "fields": {"title": "Sessão Grávida - Pacote Essência", "description": "1 look da cliente\n30 fotos editadas\nMini vídeo para redes sociais\nAté 2 acompanhantes (valor extra 10€ cada)\nFaixa de gestação recomendada: 28 a 34 semanas\nLocal: jardim, parque, praia ou lugar especial para vocês (sujeito a disponibilidade)", "duration_minutes": 30, "price": "120.00", "professionals": []}}, {"model": "services.service", "pk": 2, "fields": {"title": "Sessão Grávida - Pacote Eterno", "description": "2 looks da cliente\n50 fotos editadas\nMini vídeo para redes sociais\nAté 2 acompanhantes (valor extra 10€ cada)\nFaixa de gestação recomendada: 28 a 36 semanas\nLocal: jardim, parque, praia ou lugar especial para vocês (sujeito a disponibilidade)", "duration_minutes": 60, "price": "150.00", "professionals": []}}, {"model": "services.service", "pk": 3, "fields": {"title": "Sessão Criança - Pacote Essência", "description": "1 look da cliente\n30 fotos editadas\nMini vídeo para redes sociais\nAté 2 acompanhantes (valor extra 10€ cada)\nAniversário ou smash the cake\nLocal: jardim, parque, praia ou lugar especial para vocês (sujeito a disponibilidade)", "duration_minutes": 30, "price": "100.00", "professionals": []}}, {"model": "services.service", "pk": 4, "fields": {"title": "Sessão Criança - Pacote Eterno", "description": "2 looks da cliente\n50 fotos editadas\nMini vídeo para redes sociais\nAté 2 acompanhantes (valor extra 10€ cada)\nAniversário ou smash the cake\nLocal: jardim, parque, praia ou lugar especial para vocês (sujeito a disponibilidade)", "duration_minutes": 60, "price": "130.00", "professionals": []}}, {"model": "services.service", "pk": 5, "fields": {"title": "Sessão Família - Pacote Essência", "description": "1 look da cliente\n30 fotos editadas\nMini vídeo para redes sociais\nAté 5 acompanhantes, incluindo animais de estimação (valor extra 10€ cada)\nLocal: jardim, parque, praia ou lugar especial para vocês (sujeito a disponibilidade)", "duration_minutes": 30, "price": "100.00", "professionals": []}}, {"model": "services.service", "pk": 6, "fields": {"title": "Sessão Família - Pacote Eterno", "description": "2 looks da cliente\n50 fotos editadas\nMini vídeo para redes sociais\nAté 5 acompanhantes, incluindo animais de estimação (valor extra 10€ cada)\nLocal: jardim, parque, praia ou lugar especial para vocês (sujeito a disponibilidade)", "duration_minutes": 60, "price": "130.00", "professionals": []}}, {"model": "services.booking", "pk": 71, "fields": {"service": 3, "professional": 1, "name": "Evanildo Rodrigues", "email": "vany_casal@hotmail.com", "phone": "967857980", "morada": "praceta tomas da fonseca", "date": "2025-11-10", "time": "09:00:00", "total": "0.00", "notes": "", "created_at": "2025-11-10T16:39:25.238Z", "updated_at": "2025-11-10T16:39:25.239Z"}}, {"model": "services.booking", "pk": 73, "fields": {"service": 6, "professional": 1, "name": "Evanildo Rodrigues", "email": "vany_casal@hotmail.com", "phone": "967857980", "morada": "praceta tomas da fonseca", "date": "2025-11-15", "time": "07:00:00", "total": "0.00", "notes": "", "created_at": "2025-11-11T17:08:10.618Z", "updated_at": "2025-11-11T17:08:10.618Z"}}, {"model": "services.booking", "pk": 75, "fields": {"service": 2, "professional": 1, "name": "Evanildo Rodrigues", "email": "vany_casal@hotmail.com", "phone": "967857980", "morada": "praceta tomas da fonseca", "date": "2025-11-13", "time": "09:00:00", "total": "0.00", "notes": "", "created_at": "2025-11-11T17:50:34.202Z", "updated_at": "2025-11-11T17:50:34.202Z"}}, {"model": "services.booking", "pk": 76, "fields": {"service": 1, "professional": 1, "name": "Evanildo Rodrigues", "email": "vany_casal@hotmail.com", "phone": "967857980", "morada": "praceta tomas da fonseca", "date": "2025-11-13", "time": "11:00:00", "total": "0.00", "notes": "", "created_at": "2025-11-11T17:51:24.438Z", "updated_at": "2025-11-11T17:51:24.438Z"}}, {"model": "services.booking", "pk": 77, "fields": {"service": 2, "professional": 1, "name": "Evanildo Rodrigues", "email": "vany_casal@hotmail.com", "phone": "967857980", "morada": "praceta tomas da fonseca", "date": "2025-11-15", "time": "16:00:00", "total": "0.00", "notes": "", "created_at": "2025-11-11T17:53:20.671Z", "updated_at": "2025-11-11T17:53:20.671Z"}}, {"model": "services.booking", "pk": 79, "fields": {"service": 1, "professional": 1, "name": "Henrique Soares", "email": "vany_casal@hotmail.com", "phone": "967857980", "morada": "praceta tomas da fonseca", "date": "2025-11-11", "time": "11:00:00", "total": "0.00", "notes": "", "created_at": "2025-11-11T18:21:58.885Z", "updated_at": "2025-11-11T18:21:58.885Z"}}, {"model": "services.booking", "pk": 80, "fields": {"service": 1, "professional": 1, "name": "Oscar Nunes", "email": "vany_casal@hotmail.com", "phone": "967857980", "morada": "praceta tomas da fonseca", "date": "2025-11-15", "time": "11:00:00", "total": "0.00", "notes": "", "created_at": "2025-11-11T18:34:40.055Z", "updated_at": "2025-11-11T18:34:40.055Z"}}, {"model": "services.booking", "pk": 81, "fields": {"service": 1, "professional": 1, "name": "Oscar Nunes", "email": "vany_casal@hotmail.com", "phone": "967857980", "morada": "praceta tomas da fonseca", "date": "2025-11-25", "time": "07:00:00", "total": "0.00", "notes": "", "created_at": "2025-11-12T16:03:00.485Z", "updated_at": "2025-11-12T16:03:00.485Z"}}, {"model": "services.booking", "pk": 82, "fields": {"service": 6, "professional": 1, "name": "Evanildo Vieira Rodrigues", "email": "evanildovieirarodrigues@hotmail.com", "phone": "967857980", "morada": "praceta tomas da fonseca", "date": "2025-11-23", "time": "07:00:00", "total": "0.00", "notes": "", "created_at": "2025-11-12T16:33:36.330Z", "updated_at": "2025-11-12T16:33:36.330Z"}}, {"model": "services.booking", "pk": 83, "fields": {"service": 1, "professional": 1, "name": "Evanildo Vieira Rodrigues", "email": "evanildovieirarodrigues@hotmail.com", "phone": "967857980", "morada": "praceta tomas da fonseca", "date": "2025-11-20", "time": "11:00:00", "total": "0.00", "notes": "", "created_at": "2025-11-12T16:34:40.886Z", "updated_at": "2025-11-12T16:34:40.886Z"}}, {"model": "services.booking", "pk": 84, "fields": {"service": 2, "professional": 1, "name": "Evanildo Vieira Rodrigues", "email": "vany_casal@hotmail.com", "phone": "967857980", "morada": "praceta tomas da fonseca", "date": "2025-11-22", "time": "11:00:00", "total": "0.00", "notes": "", "created_at": "2025-11-12T16:38:51.692Z", "updated_at": "2025-11-12T16:38:51.692Z"}}, {"model": "services.booking", "pk": 85, "fields": {"service": 1, "professional": 1, "name": "Evanildo Vieira Rodrigues", "email": "vany_casal@hotmail.com", "phone": "967857980", "morada": "praceta tomas da fonseca", "date": "2025-11-21", "time": "16:00:00", "total": "0.00", "notes": "", "created_at": "2025-11-12T16:52:23.704Z", "updated_at": "2025-11-12T16:52:23.704Z"}}, {"model": "services.booking", "pk": 86, "fields": {"service": 1, "professional": 1, "name": "Evanildo Vieira Rodrigues", "email": "vany_casal@hotmail.com", "phone": "967857980", "morada": "praceta tomas da fonseca", "date": "2025-11-21", "time": "16:00:00", "total": "0.00", "notes": "", "created_at": "2025-11-12T16:53:10.912Z", "updated_at": "2025-11-12T16:53:10.912Z"}}, {"model": "services.booking", "pk": 87, "fields": {"service": 1, "professional": 1, "name": "Evanildo Vieira Rodrigues", "email": "vany_casal@hotmail.com", "phone": "967857980", "morada": "praceta tomas da fonseca", "date": "2025-11-13", "time": "07:00:00", "total": "0.00", "notes": "", "created_at": "2025-11-12T17:18:36.139Z", "updated_at": "2025-11-12T17:18:36.139Z"}}, {"model": "services.booking", "pk": 88, "fields": {"service": 1, "professional": 1, "name": "Evanildo Vieira Rodrigues", "email": "vany_casal@hotmail.com", "phone": "967857980", "morada": "praceta tomas da fonseca", "date": "2025-11-17", "time": "11:00:00", "total": "0.00", "notes": "", "created_at": "2025-11-17T15:28:57.886Z", "updated_at": "2025-11-17T15:28:57.886Z"}}, {"model": "services.booking", "pk": 89, "fields": {"service": 3, "professional": 1, "name": "Evanildo Vieira Rodrigues", "email": "vany_casal@hotmail.com", "phone": "967857980", "morada": "praceta tomas da fonseca", "date": "2025-11-17", "time": "09:00:00", "total": "0.00", "notes": "", "created_at": "2025-11-17T15:40:05.528Z", "updated_at": "2025-11-17T15:40:05.528Z"}}, {"model": "services.booking", "pk": 90, "fields": {"service": 1, "professional": 1, "name": "Evanildo Vieira Rodrigues", "email": "vany_casal@hotmail.com", "phone": "967857980", "morada": "praceta tomas da fonseca", "date": "2025-11-20", "time": "09:00:00", "total": "0.00", "notes": "", "created_at": "2025-11-18T15:38:41.952Z", "updated_at": "2025-11-18T15:38:41.952Z"}}, {"model": "services.booking", "pk": 91, "fields": {"service": 1, "professional": 1, "name": "Evanildo Vieira Rodrigues", "email": "vany_casal@hotmail.com", "phone": "967857980", "morada": "praceta tomas da fonseca", "date": "2025-11-20", "time": "14:00:00", "total": "0.00", "notes": "", "created_at": "2025-11-18T17:31:27.049Z", "updated_at": "2025-11-18T17:31:27.049Z"}}, {"model": "services.booking", "pk": 92, "fields": {"service": 4, "professional": 1, "name": "Evanildo Vieira Rodrigues", "email": "vany_casal@hotmail.com", "phone": "967857980", "morada": "praceta tomas da fonseca", "date": "2025-11-21", "time": "11:00:00", "total": "0.00", "notes": "", "created_at": "2025-11-18T17:45:27.605Z", "updated_at": "2025-11-18T17:45:27.605Z"}}, {"model": "services.booking", "pk": 93, "fields": {"service": 1, "professional": 1, "name": "Evanildo Rodrigues", "email": "vany_casal@hotmail.com", "phone": "967857980", "morada": "praceta tomas da fonseca", "date": "2025-11-19", "time": "09:00:00", "total": "0.00", "notes": "", "created_at": "2025-11-18T17:46:26.121Z", "updated_at": "2025-11-18T17:46:26.121Z"}}, {"model": "services.booking", "pk": 94, "fields": {"service": 1, "professional": 1, "name": "Evanildo Rodrigues", "email": "vany_casal@hotmail.com", "phone": "967857980", "morada": "praceta tomas da fonseca", "date": "2025-11-21", "time": "14:00:00", "total": "0.00", "notes": "", "created_at": "2025-11-18T18:10:50.916Z", "updated_at": "2025-11-18T18:10:50.916Z"}}, {"model": "services.booking", "pk": 95, "fields": {"service": 2, "professional": 1, "name": "Evanildo Vieira Rodrigues", "email": "vany_casal@hotmail.com", "phone": "967857980", "morada": "praceta tomas da fonseca", "date": "2025-11-21", "time": "18:00:00", "total": "0.00", "notes": "", "created_at": "2025-11-18T18:11:43.897Z", "updated_at": "2025-11-18T18:11:43.897Z"}}, {"model": "services.booking", "pk": 96, "fields": {"service": 1, "professional": 1, "name": "Evanildo Rodrigues", "email": "vany_casal@hotmail.com", "phone": "967857980", "morada": "praceta tomas da fonseca", "date": "2025-11-26", "time": "09:00:00", "total": "0.00", "notes": "", "created_at": "2025-11-19T15:31:32.457Z", "updated_at": "2025-11-19T15:31:32.457Z"}}, {"model": "services.booking", "pk": 97, "fields": {"service": 1, "professional": 1, "name": "Evanildo Vieira Rodrigues", "email": "vany_casal@hotmail.com", "phone": "967857980", "morada": "praceta tomas da fonseca", "date": "2025-11-27", "time": "11:00:00", "total": "0.00", "notes": "", "created_at": "2025-11-19T15:32:27.261Z", "updated_at": "2025-11-19T15:32:27.261Z"}}, {"model": "services.booking", "pk": 98, "fields": {"service": 1, "professional": 1, "name": "Evanildo Vieira Rodrigues", "email": "vany_casal@hotmail.com", "phone": "967857980", "morada": "praceta tomas da fonseca", "date": "2025-11-21", "time": "07:00:00", "total": "0.00", "notes": "", "created_at": "2025-11-19T15:47:41.371Z", "updated_at": "2025-11-19T15:47:41.371Z"}}, {"model": "services.booking", "pk": 99, "fields": {"service": 2, "professional": 1, "name": "Evanildo Vieira Rodrigues", "email": "vany_casal@hotmail.com", "phone": "967857980", "morada": "praceta tomas da fonseca", "date": "2025-11-21", "time": "09:00:00", "total": "0.00", "notes": "", "created_at": "2025-11-19T16:05:19.772Z", "updated_at": "2025-11-19T16:05:19.772Z"}}, {"model": "services.booking", "pk": 100, "fields": {"service": 1, "professional": 1, "name": "Evanildo Rodrigues", "email": "vany_casal@hotmail.com", "phone": "967857980", "morada": "praceta tomas da fonseca", "date": "2025-11-19", "time": "11:00:00", "total": "0.00", "notes": "", "created_at": "2025-11-19T17:00:11.241Z", "updated_at": "2025-11-19T17:00:11.241Z"}}, {"model": "services.booking", "pk": 101, "fields": {"service": 1, "professional": 1, "name": "Evanildo Rodrigues", "email": "vany_casal@hotmail.com", "phone": "967857980", "morada": "praceta tomas da fonseca", "date": "2025-11-20", "time": "18:00:00", "total": "0.00", "notes": "", "created_at": "2025-11-19T17:05:35.177Z", "updated_at": "2025-11-19T17:05:35.177Z"}}, {"model": "services.booking", "pk": 102, "fields": {"service": 1, "professional": 1, "name": "Evanildo Rodrigues", "email": "vany_casal@hotmail.com", "phone": "967857980", "morada": "praceta tomas da fonseca", "date": "2025-11-26", "time": "11:00:00", "total": "0.00", "notes": "", "created_at": "2025-11-24T15:39:59.272Z", "updated_at": "2025-11-24T15:39:59.272Z"}}, {"model": "services.booking", "pk": 103, "fields": {"service": 1, "professional": 1, "name": "Evanildo Rodrigues", "email": "vany_casal@hotmail.com", "phone": "967857980", "morada": "praceta tomas da fonseca", "date": "2025-11-28", "time": "09:00:00", "total": "0.00", "notes": "", "created_at": "2025-11-24T18:30:43.407Z", "updated_at": "2025-11-24T18:30:43.407Z"}}, {"model": "services.booking", "pk": 104, "fields": {"service": 1, "professional": 1, "name": "Evanildo Rodrigues", "email": "vany_casal@hotmail.com", "phone": "967857980", "morada": "praceta tomas da fonseca", "date": "2025-12-24", "time": "09:00:00", "total": "0.00", "notes": "", "created_at": "2025-12-03T16:10:01.684Z", "updated_at": "2025-12-03T16:10:01.684Z"}}, {"model": "services.booking", "pk": 105, "fields": {"service": 1, "professional": 1, "name": "Evanildo Rodrigues", "email": "vany_casal@hotmail.com", "phone": "967857980", "morada": "praceta tomas da fonseca", "date": "2025-12-16", "time": "09:00:00", "total": "0.00", "notes": "", "created_at": "2025-12-03T16:10:46.230Z", "updated_at": "2025-12-03T16:10:46.230Z"}}, {"model": "services.booking", "pk": 106, "fields": {"service": 1, "professional": 1, "name": "Evanildo Rodrigues", "email": "vany_casal@hotmail.com", "phone": "967857980", "morada": "praceta tomas da fonseca", "date": "2025-12-21", "time": "07:00:00", "total": "0.00", "notes": "", "created_at": "2025-12-03T16:11:11.099Z", "updated_at": "2025-12-03T16:11:11.099Z"}}, {"model": "services.booking", "pk": 107, "fields": {"service": 6, "professional": 1, "name": "odoo16", "email": "evanildovrodrigues89@gmail.com", "phone": "967857980", "morada": "", "date": "2025-12-19", "time": "09:00:00", "total": "0.00", "notes": "", "created_at": "2025-12-08T16:20:40.803Z", "updated_at": "2025-12-08T16:20:40.803Z"}}, {"model": "services.booking", "pk": 108, "fields": {"service": 1, "professional": 1, "name": "Evanildo Rodrigues", "email": "vany_casal@hotmail.com", "phone": "967857980", "morada": "praceta tomas da fonseca", "date": "2025-12-16", "time": "11:00:00", "total": "0.00", "notes": "", "created_at": "2025-12-08T16:23:49.015Z", "updated_at": "2025-12-08T16:23:49.015Z"}}, {"model": "services.booking", "pk": 109, "fields": {"service": 2, "professional": 1, "name": "rui silva", "email": "vany_casal@hotmail.com", "phone": "967857980", "morada": "praceta tomas da fonseca", "date": "2025-12-23", "time": "09:00:00", "total": "0.00", "notes": "", "created_at": "2025-12-08T16:24:53.262Z", "updated_at": "2025-12-08T16:24:53.262Z"}}, {"model": "services.booking", "pk": 110, "fields": {"service": 1, "professional": 1, "name": "evanildo rodrigues", "email": "vany_casal@hotmail.com", "phone": "967857980", "morada": "praceta tomas da fonseca", "date": "2025-12-10", "time": "09:00:00", "total": "0.00", "notes": "", "created_at": "2025-12-10T11:48:19.495Z", "updated_at": "2025-12-10T11:48:19.495Z"}}, {"model": "services.review", "pk": 1, "fields": {"name": "Evanildo Rodrigues", "email": "vany_casal@hotmail.com", "rating": 4, "comment": "A aolicaçao funciona na perfeiçao .", "created_at": "2025-11-05T00:58:01.403Z"}}, {"model": "services.review", "pk": 2, "fields": {"name": "Evanildo Rodrigues", "email": "vany_casal@hotmail.com", "rating": 4, "comment": "A aolicaçao funciona na perfeiçao .", "created_at": "2025-11-05T00:58:02.902Z"}}, {"model": "services.review", "pk": 3, "fields": {"name": "Evanildo Rodrigues", "email": "vany_casal@hotmail.com", "rating": 4, "comment": "A aolicaçao funciona na perfeiçao .", "created_at": "2025-11-05T00:58:03.361Z"}}, {"model": "services.review", "pk": 4, "fields": {"name": "isais filomeno", "email": "evanildovieirarodrigues@hotmail.com", "rating": 3, "comment": "atendimento top, profisisonais de qualidade ", "created_at": "2025-11-05T01:02:54.268Z"}}, {"model": "services.review", "pk": 5, "fields": {"name": "isais filomeno", "email": "evanildovieirarodrigues@hotmail.com", "rating": 3, "comment": "atendimento top, profisisonais de qualidade ", "created_at": "2025-11-05T01:02:54.754Z"}}, {"model": "services.review", "pk": 6, "fields": {"name": "r", "email": "aparicio@gmail.com", "rating": 3, "comment": "top", "created_at": "2025-11-26T17:23:31.747Z"}}, {"model": "services.review", "pk": 7, "fields": {"name": "f", "email": "vany_casal@hotmail.com", "rating": 3, "comment": "top", "created_at": "2025-11-26T17:27:39.005Z"}}, {"model": "services.review", "pk": 8, "fields": {"name": "email", "email": "vany_casal@hotmail.com", "rating": 4, "comment": "optimo", "created_at": "2025-12-02T17:15:24.957Z"}}]